mean,std
7.5257154,7.159435
-0.017022187,0.26626724
0.28966454,0.075517476
0.26741597,0.22936776
